{"cameraMode":{"drawMode":0,"name":"Shaded","section":"Shading Mode"},"sceneLighting":false,"audioPlay":false,"sceneViewState":{"m_AlwaysRefresh":false,"showFog":true,"showSkybox":false,"showFlares":true,"showImageEffects":true,"showParticleSystems":true,"showVisualEffectGraphs":true,"m_FxEnabled":true},"in2DMode":false,"pivot":{"x":0.4732776880264282,"y":0.8697652816772461,"z":-1.1387202739715577},"rotation":{"x":0.0368863120675087,"y":-0.9291574358940125,"z":0.10552061349153519,"w":0.3541780412197113},"size":0.8330940008163452,"orthographic":false}