{"cameraMode":{"drawMode":0,"name":"Shaded","section":"Shading Mode"},"sceneLighting":false,"audioPlay":false,"sceneViewState":{"m_AlwaysRefresh":false,"showFog":true,"showSkybox":true,"showFlares":true,"showImageEffects":true,"showParticleSystems":true,"showVisualEffectGraphs":true,"m_FxEnabled":true},"in2DMode":false,"pivot":{"x":-3.5786049365997316,"y":-18.785655975341798,"z":339.92694091796877},"rotation":{"x":-0.22202369570732118,"y":0.039642952382564548,"z":-0.024756407365202905,"w":-0.9759765267372131},"size":27.0699405670166,"orthographic":false}