{"cameraMode":{"drawMode":0,"name":"Shaded","section":"Shading Mode"},"sceneLighting":false,"audioPlay":false,"sceneViewState":{"m_AlwaysRefresh":false,"showFog":true,"showSkybox":false,"showFlares":true,"showImageEffects":true,"showParticleSystems":true,"showVisualEffectGraphs":true,"m_FxEnabled":true},"in2DMode":false,"pivot":{"x":59.72511291503906,"y":87.83675384521485,"z":54.874473571777347},"rotation":{"x":0.08931487798690796,"y":-0.8999934196472168,"z":0.3219374120235443,"w":0.28588294982910159},"size":0.20358505845069886,"orthographic":false}