{"cameraMode":{"drawMode":0,"name":"Shaded","section":"Shading Mode"},"sceneLighting":false,"audioPlay":false,"sceneViewState":{"m_AlwaysRefresh":false,"showFog":true,"showSkybox":false,"showFlares":true,"showImageEffects":true,"showParticleSystems":true,"showVisualEffectGraphs":true,"m_FxEnabled":true},"in2DMode":false,"pivot":{"x":1.3379324674606324,"y":0.5453696250915527,"z":1.6109604835510255},"rotation":{"x":0.004761674907058477,"y":0.9923432469367981,"z":-0.04051952809095383,"w":0.11662360280752182},"size":0.657124400138855,"orthographic":false}